{
    "Preventability": [
        0.9166666666666666,
        0.06622516556291391,
        0.47346938775510206,
        0.6732673267326733,
        0.9090909090909091,
        0.5925925925925926,
        0.4117647058823529,
        0.45,
        0.3047619047619048,
        0.3825136612021858
    ],
    "Total_Distance_Traveled_by_Agent": [
        0.0,
        13.0,
        18.0,
        27.0,
        0.0,
        17.0,
        12.0,
        16.0,
        6.0,
        36.0
    ],
    "Total_Failures": [
        2,
        141,
        129,
        33,
        2,
        11,
        10,
        11,
        146,
        113
    ],
    "Total_Latency": [
        4.0,
        2598.0,
        2458.0,
        287.0,
        4.0,
        82.0,
        73.0,
        79.0,
        2527.0,
        2084.0
    ]
}