{
    "Aux_Lines": {
        "Mean": 0.0,
        "SEM": 0.0
    },
    "Mean_Latency_QoS": {
        "Mean": 4.388451443569553,
        "SEM": 0.27645794240629407
    },
    "Mean_Recovery_Time": {
        "Mean": 187.54261363636363,
        "SEM": 133.4099389708446
    },
    "Mean_Recovery_Time_withINF": {
        "Mean": 187.54261363636363,
        "SEM": 133.4099389708446
    },
    "Median_Recovery_Time": 25.0,
    "Preventability": {
        "Mean": 0.5180352320247301,
        "SEM": 0.07920730035341038
    },
    "Recoverability": 0.8,
    "Step_000": {
        "Mean": 6.0,
        "SEM": 0.6782329983125268
    },
    "Step_001": {
        "Mean": 9.9,
        "SEM": 1.4727525250360292
    },
    "Step_002": {
        "Mean": 11.6,
        "SEM": 2.42981480775799
    },
    "Step_003": {
        "Mean": 13.1,
        "SEM": 2.991487924093961
    },
    "Step_004": {
        "Mean": 14.0,
        "SEM": 3.6221540552549665
    },
    "Step_005": {
        "Mean": 16.8,
        "SEM": 4.935179834615958
    },
    "Step_006": {
        "Mean": 19.4,
        "SEM": 6.5164407462970155
    },
    "Step_007": {
        "Mean": 20.2,
        "SEM": 6.949532358367719
    },
    "Step_008": {
        "Mean": 20.3,
        "SEM": 7.247137365884545
    },
    "Step_009": {
        "Mean": 20.7,
        "SEM": 7.3865418160327225
    },
    "Step_010": {
        "Mean": 21.2,
        "SEM": 7.390263865383969
    },
    "Step_011": {
        "Mean": 20.8,
        "SEM": 7.37807562986447
    },
    "Step_012": {
        "Mean": 20.4,
        "SEM": 7.439354810734597
    },
    "Step_013": {
        "Mean": 20.1,
        "SEM": 7.3735337525504
    },
    "Step_014": {
        "Mean": 19.6,
        "SEM": 7.4554677921643515
    },
    "Step_015": {
        "Mean": 19.2,
        "SEM": 7.519042492232637
    },
    "Step_016": {
        "Mean": 19.4,
        "SEM": 7.532861342146157
    },
    "Step_017": {
        "Mean": 20.6,
        "SEM": 7.567298064699183
    },
    "Step_018": {
        "Mean": 22.8,
        "SEM": 8.136092428186886
    },
    "Step_019": {
        "Mean": 22.8,
        "SEM": 8.241116429222439
    },
    "Step_020": {
        "Mean": 22.7,
        "SEM": 8.257178694929642
    },
    "Step_021": {
        "Mean": 22.6,
        "SEM": 8.274297553266983
    },
    "Step_022": {
        "Mean": 22.5,
        "SEM": 8.235593481953805
    },
    "Step_023": {
        "Mean": 22.6,
        "SEM": 8.274297553266983
    },
    "Step_024": {
        "Mean": 22.4,
        "SEM": 8.3116785308384
    },
    "Step_025": {
        "Mean": 22.4,
        "SEM": 8.3116785308384
    },
    "Step_026": {
        "Mean": 22.4,
        "SEM": 8.371618720414828
    },
    "Step_027": {
        "Mean": 22.3,
        "SEM": 8.331926547923954
    },
    "Step_028": {
        "Mean": 22.2,
        "SEM": 8.353202978498727
    },
    "Step_029": {
        "Mean": 22.1,
        "SEM": 8.375499985075518
    },
    "Step_030": {
        "Mean": 22.1,
        "SEM": 8.375499985075518
    },
    "Step_031": {
        "Mean": 22.0,
        "SEM": 8.398809439438425
    },
    "Step_032": {
        "Mean": 22.0,
        "SEM": 8.398809439438425
    },
    "Step_033": {
        "Mean": 21.9,
        "SEM": 8.423122936298626
    },
    "Step_034": {
        "Mean": 21.8,
        "SEM": 8.448431807146223
    },
    "Step_035": {
        "Mean": 21.8,
        "SEM": 8.448431807146223
    },
    "Step_036": {
        "Mean": 21.7,
        "SEM": 8.409577872878042
    },
    "Step_037": {
        "Mean": 21.7,
        "SEM": 8.409577872878042
    },
    "Step_038": {
        "Mean": 21.8,
        "SEM": 8.448431807146223
    },
    "Step_039": {
        "Mean": 21.9,
        "SEM": 8.488168235844526
    },
    "Step_040": {
        "Mean": 21.9,
        "SEM": 8.488168235844526
    },
    "Step_041": {
        "Mean": 21.9,
        "SEM": 8.488168235844526
    },
    "Step_042": {
        "Mean": 21.9,
        "SEM": 8.488168235844526
    },
    "Step_043": {
        "Mean": 21.8,
        "SEM": 8.448431807146223
    },
    "Step_044": {
        "Mean": 21.8,
        "SEM": 8.448431807146223
    },
    "Step_045": {
        "Mean": 21.7,
        "SEM": 8.409577872878042
    },
    "Step_046": {
        "Mean": 21.7,
        "SEM": 8.409577872878042
    },
    "Step_047": {
        "Mean": 21.7,
        "SEM": 8.409577872878042
    },
    "Step_048": {
        "Mean": 21.7,
        "SEM": 8.409577872878042
    },
    "Step_049": {
        "Mean": 21.7,
        "SEM": 8.409577872878042
    },
    "Total_Distance_Traveled_by_Agent": {
        "Mean": 14.5,
        "SEM": 3.3771289581536563
    },
    "Total_Failures": {
        "Mean": 59.8,
        "SEM": 19.04877948846067
    },
    "Total_Latency": {
        "Mean": 1019.6,
        "SEM": 363.66201891316615
    }
}