{
    "Preventability": [
        0.5517241379310345,
        0.2222222222222222,
        0.5217391304347826,
        0.5257731958762887,
        0.6666666666666666,
        0.24545454545454545,
        0.22549019607843138,
        0.5779816513761468,
        0.7837837837837838,
        0.17
    ],
    "Total_Distance_Traveled_by_Agent": [
        17.0,
        13.0,
        67.0,
        70.0,
        49.0,
        69.0,
        81.0,
        56.0,
        9.0,
        78.0
    ],
    "Total_Failures": [
        13,
        7,
        44,
        46,
        34,
        83,
        79,
        46,
        8,
        83
    ],
    "Total_Latency": [
        73.0,
        49.0,
        735.0,
        701.0,
        361.0,
        2642.0,
        2643.0,
        627.0,
        51.0,
        2647.0
    ]
}