{
    "Aux_Lines": {
        "Mean": 0.2,
        "SEM": 0.12649110640673517
    },
    "Mean_Latency_QoS": {
        "Mean": 16.93991416309013,
        "SEM": 0.7044010136089488
    },
    "Mean_Recovery_Time": {
        "Mean": 50.539682539682545,
        "SEM": 18.672458429132682
    },
    "Mean_Recovery_Time_withINF": {
        "Mean": 50.539682539682545,
        "SEM": 18.672458429132682
    },
    "Median_Recovery_Time": 108.11904761904762,
    "Preventability": {
        "Mean": 0.4490835529823902,
        "SEM": 0.06469072997479752
    },
    "Recoverability": 0.6,
    "Step_000": {
        "Mean": 7.0,
        "SEM": 0.4242640687119285
    },
    "Step_001": {
        "Mean": 11.5,
        "SEM": 1.457737973711325
    },
    "Step_002": {
        "Mean": 15.0,
        "SEM": 2.580697580112788
    },
    "Step_003": {
        "Mean": 17.7,
        "SEM": 3.834188310451118
    },
    "Step_004": {
        "Mean": 19.5,
        "SEM": 4.879036790187177
    },
    "Step_005": {
        "Mean": 20.1,
        "SEM": 5.546981160955929
    },
    "Step_006": {
        "Mean": 21.3,
        "SEM": 6.087774634462087
    },
    "Step_007": {
        "Mean": 22.8,
        "SEM": 6.779085484045765
    },
    "Step_008": {
        "Mean": 22.6,
        "SEM": 6.883603707361427
    },
    "Step_009": {
        "Mean": 22.4,
        "SEM": 7.194720286432267
    },
    "Step_010": {
        "Mean": 22.4,
        "SEM": 7.095350590351402
    },
    "Step_011": {
        "Mean": 22.5,
        "SEM": 7.243272740964542
    },
    "Step_012": {
        "Mean": 22.1,
        "SEM": 7.273857298572745
    },
    "Step_013": {
        "Mean": 22.5,
        "SEM": 7.085548673179797
    },
    "Step_014": {
        "Mean": 22.4,
        "SEM": 7.292736112050126
    },
    "Step_015": {
        "Mean": 22.3,
        "SEM": 7.181991367301968
    },
    "Step_016": {
        "Mean": 22.1,
        "SEM": 7.338187787185606
    },
    "Step_017": {
        "Mean": 21.9,
        "SEM": 7.21033979781813
    },
    "Step_018": {
        "Mean": 22.1,
        "SEM": 7.362676143903112
    },
    "Step_019": {
        "Mean": 21.8,
        "SEM": 7.3481970577822695
    },
    "Step_020": {
        "Mean": 21.9,
        "SEM": 7.323182368342332
    },
    "Step_021": {
        "Mean": 21.8,
        "SEM": 7.3400272479058275
    },
    "Step_022": {
        "Mean": 21.7,
        "SEM": 7.417614171686203
    },
    "Step_023": {
        "Mean": 21.8,
        "SEM": 7.345474797451829
    },
    "Step_024": {
        "Mean": 21.8,
        "SEM": 7.345474797451829
    },
    "Step_025": {
        "Mean": 21.9,
        "SEM": 7.412759270339217
    },
    "Step_026": {
        "Mean": 22.2,
        "SEM": 7.232980022093244
    },
    "Step_027": {
        "Mean": 22.3,
        "SEM": 7.3430919917974595
    },
    "Step_028": {
        "Mean": 22.1,
        "SEM": 7.309514347752524
    },
    "Step_029": {
        "Mean": 21.8,
        "SEM": 7.286700213402497
    },
    "Step_030": {
        "Mean": 21.9,
        "SEM": 7.403310070502248
    },
    "Step_031": {
        "Mean": 22.0,
        "SEM": 7.319836063738039
    },
    "Step_032": {
        "Mean": 21.8,
        "SEM": 7.342751527867465
    },
    "Step_033": {
        "Mean": 21.7,
        "SEM": 7.358056808696165
    },
    "Step_034": {
        "Mean": 21.9,
        "SEM": 7.268356072730613
    },
    "Step_035": {
        "Mean": 21.9,
        "SEM": 7.327277802840561
    },
    "Step_036": {
        "Mean": 21.9,
        "SEM": 7.334098444935137
    },
    "Step_037": {
        "Mean": 22.2,
        "SEM": 7.3031500053059295
    },
    "Step_038": {
        "Mean": 22.0,
        "SEM": 7.33621155638249
    },
    "Step_039": {
        "Mean": 21.9,
        "SEM": 7.343636701253677
    },
    "Step_040": {
        "Mean": 21.7,
        "SEM": 7.387895505487337
    },
    "Step_041": {
        "Mean": 21.5,
        "SEM": 7.411140263144397
    },
    "Step_042": {
        "Mean": 21.5,
        "SEM": 7.423274210212095
    },
    "Step_043": {
        "Mean": 21.3,
        "SEM": 7.401418782909125
    },
    "Step_044": {
        "Mean": 21.3,
        "SEM": 7.520704754210206
    },
    "Step_045": {
        "Mean": 21.0,
        "SEM": 7.50199973340442
    },
    "Step_046": {
        "Mean": 20.8,
        "SEM": 7.425361944040168
    },
    "Step_047": {
        "Mean": 20.8,
        "SEM": 7.50972702566478
    },
    "Step_048": {
        "Mean": 21.1,
        "SEM": 7.579511857633049
    },
    "Step_049": {
        "Mean": 21.2,
        "SEM": 7.513720782674852
    },
    "Total_Distance_Traveled_by_Agent": {
        "Mean": 50.9,
        "SEM": 8.344399319303935
    },
    "Total_Failures": {
        "Mean": 44.3,
        "SEM": 8.944327811523904
    },
    "Total_Latency": {
        "Mean": 1052.9,
        "SEM": 338.40279106414
    }
}