{
    "Aux_Lines": {
        "Mean": 0.0,
        "SEM": 0.0
    },
    "Mean_Latency_QoS": {
        "Mean": 16.133004926108374,
        "SEM": 0.6880948017789184
    },
    "Mean_Recovery_Time": {
        "Mean": 19.459375,
        "SEM": 8.754859811127758
    },
    "Mean_Recovery_Time_withINF": {
        "Mean": 19.459375,
        "SEM": 8.754859811127758
    },
    "Median_Recovery_Time": Infinity,
    "Preventability": {
        "Mean": 0.4883224224662047,
        "SEM": 0.04670079697626581
    },
    "Recoverability": 0.5,
    "Step_000": {
        "Mean": 6.0,
        "SEM": 0.31622776601683794
    },
    "Step_001": {
        "Mean": 9.1,
        "SEM": 1.1614645926587688
    },
    "Step_002": {
        "Mean": 12.4,
        "SEM": 2.779208520424475
    },
    "Step_003": {
        "Mean": 14.0,
        "SEM": 4.173727350941841
    },
    "Step_004": {
        "Mean": 14.3,
        "SEM": 4.724510556660869
    },
    "Step_005": {
        "Mean": 14.0,
        "SEM": 4.732863826479693
    },
    "Step_006": {
        "Mean": 13.6,
        "SEM": 4.726944044517556
    },
    "Step_007": {
        "Mean": 13.9,
        "SEM": 4.8279395190909336
    },
    "Step_008": {
        "Mean": 13.2,
        "SEM": 4.908767666125582
    },
    "Step_009": {
        "Mean": 12.9,
        "SEM": 4.852731189752839
    },
    "Step_010": {
        "Mean": 12.9,
        "SEM": 5.016871535130234
    },
    "Step_011": {
        "Mean": 12.4,
        "SEM": 5.069911241826625
    },
    "Step_012": {
        "Mean": 12.3,
        "SEM": 5.136243763685676
    },
    "Step_013": {
        "Mean": 11.8,
        "SEM": 5.065175219081764
    },
    "Step_014": {
        "Mean": 12.4,
        "SEM": 5.0560854423160215
    },
    "Step_015": {
        "Mean": 12.4,
        "SEM": 5.120937414185024
    },
    "Step_016": {
        "Mean": 12.3,
        "SEM": 5.1089137788770715
    },
    "Step_017": {
        "Mean": 12.3,
        "SEM": 5.069615370025619
    },
    "Step_018": {
        "Mean": 12.3,
        "SEM": 5.05183135110427
    },
    "Step_019": {
        "Mean": 12.5,
        "SEM": 5.138579570270368
    },
    "Step_020": {
        "Mean": 12.7,
        "SEM": 5.130399594573507
    },
    "Step_021": {
        "Mean": 12.3,
        "SEM": 5.008093449607345
    },
    "Step_022": {
        "Mean": 12.6,
        "SEM": 5.04618667906767
    },
    "Step_023": {
        "Mean": 12.6,
        "SEM": 5.136535797597443
    },
    "Step_024": {
        "Mean": 12.4,
        "SEM": 5.054107240650914
    },
    "Step_025": {
        "Mean": 12.4,
        "SEM": 5.115075757014749
    },
    "Step_026": {
        "Mean": 12.5,
        "SEM": 5.02841923470985
    },
    "Step_027": {
        "Mean": 12.3,
        "SEM": 5.122596997617516
    },
    "Step_028": {
        "Mean": 12.1,
        "SEM": 5.018864413390742
    },
    "Step_029": {
        "Mean": 12.2,
        "SEM": 5.10646648867884
    },
    "Step_030": {
        "Mean": 12.1,
        "SEM": 5.008892093068086
    },
    "Step_031": {
        "Mean": 11.9,
        "SEM": 5.097940760738594
    },
    "Step_032": {
        "Mean": 12.3,
        "SEM": 5.087337220983095
    },
    "Step_033": {
        "Mean": 12.4,
        "SEM": 5.0620154089058245
    },
    "Step_034": {
        "Mean": 12.5,
        "SEM": 5.146357935472424
    },
    "Step_035": {
        "Mean": 12.5,
        "SEM": 5.134685968976097
    },
    "Step_036": {
        "Mean": 12.3,
        "SEM": 5.120644490686694
    },
    "Step_037": {
        "Mean": 12.5,
        "SEM": 5.130789412946121
    },
    "Step_038": {
        "Mean": 12.3,
        "SEM": 5.136243763685676
    },
    "Step_039": {
        "Mean": 12.1,
        "SEM": 5.140914315566833
    },
    "Step_040": {
        "Mean": 12.3,
        "SEM": 5.124548760622734
    },
    "Step_041": {
        "Mean": 12.8,
        "SEM": 5.131861260790279
    },
    "Step_042": {
        "Mean": 12.7,
        "SEM": 5.136243763685676
    },
    "Step_043": {
        "Mean": 12.4,
        "SEM": 5.030308141654942
    },
    "Step_044": {
        "Mean": 12.3,
        "SEM": 5.116737241641395
    },
    "Step_045": {
        "Mean": 12.2,
        "SEM": 5.139649793517064
    },
    "Step_046": {
        "Mean": 12.2,
        "SEM": 5.039444413821825
    },
    "Step_047": {
        "Mean": 12.2,
        "SEM": 5.151310512869516
    },
    "Step_048": {
        "Mean": 12.2,
        "SEM": 5.06714909983908
    },
    "Step_049": {
        "Mean": 11.9,
        "SEM": 5.146746545148692
    },
    "Total_Distance_Traveled_by_Agent": {
        "Mean": 45.8,
        "SEM": 9.72604750142626
    },
    "Total_Failures": {
        "Mean": 32.2,
        "SEM": 7.4910613400238555
    },
    "Total_Latency": {
        "Mean": 617.2,
        "SEM": 240.09418152050247
    }
}