{
    "Preventability": [
        0.5119047619047619,
        0.6521739130434783,
        0.25892857142857145,
        0.40625,
        0.375,
        0.75,
        0.3709677419354839,
        0.6,
        0.37037037037037035,
        0.5876288659793815
    ],
    "Total_Distance_Traveled_by_Agent": [
        71.0,
        9.0,
        69.0,
        76.0,
        10.0,
        4.0,
        72.0,
        12.0,
        78.0,
        57.0
    ],
    "Total_Failures": [
        41,
        8,
        83,
        38,
        10,
        4,
        39,
        8,
        51,
        40
    ],
    "Total_Latency": [
        648.0,
        51.0,
        2666.0,
        515.0,
        58.0,
        14.0,
        515.0,
        48.0,
        1088.0,
        569.0
    ]
}