{
    "Aux_Lines": {
        "Mean": 0.0,
        "SEM": 0.0
    },
    "Mean_Latency_QoS": {
        "Mean": 14.946236559139784,
        "SEM": 0.729149557191961
    },
    "Mean_Recovery_Time": {
        "Mean": 171.4013605442177,
        "SEM": 125.07053046773144
    },
    "Mean_Recovery_Time_withINF": {
        "Mean": 171.4013605442177,
        "SEM": 125.07053046773144
    },
    "Median_Recovery_Time": 98.33333333333333,
    "Preventability": {
        "Mean": 0.5152930649870517,
        "SEM": 0.08017070508995129
    },
    "Recoverability": 0.7,
    "Step_000": {
        "Mean": 7.6,
        "SEM": 0.9402127418834526
    },
    "Step_001": {
        "Mean": 11.6,
        "SEM": 1.9503845774615836
    },
    "Step_002": {
        "Mean": 13.7,
        "SEM": 3.0167863696324275
    },
    "Step_003": {
        "Mean": 16.0,
        "SEM": 4.195235392680606
    },
    "Step_004": {
        "Mean": 18.2,
        "SEM": 5.379219274206992
    },
    "Step_005": {
        "Mean": 21.6,
        "SEM": 6.812048150152786
    },
    "Step_006": {
        "Mean": 23.8,
        "SEM": 7.4910613400238555
    },
    "Step_007": {
        "Mean": 26.0,
        "SEM": 7.87400787401181
    },
    "Step_008": {
        "Mean": 28.0,
        "SEM": 8.235289915965314
    },
    "Step_009": {
        "Mean": 30.0,
        "SEM": 8.740709353364862
    },
    "Step_010": {
        "Mean": 30.5,
        "SEM": 8.925525194631406
    },
    "Step_011": {
        "Mean": 30.8,
        "SEM": 9.016429448512309
    },
    "Step_012": {
        "Mean": 30.4,
        "SEM": 9.072155201494295
    },
    "Step_013": {
        "Mean": 30.6,
        "SEM": 9.134768743651914
    },
    "Step_014": {
        "Mean": 30.5,
        "SEM": 9.103021476411005
    },
    "Step_015": {
        "Mean": 30.3,
        "SEM": 9.10609685869857
    },
    "Step_016": {
        "Mean": 30.3,
        "SEM": 9.161932110641292
    },
    "Step_017": {
        "Mean": 30.5,
        "SEM": 9.224153077654337
    },
    "Step_018": {
        "Mean": 30.6,
        "SEM": 9.25548486034092
    },
    "Step_019": {
        "Mean": 30.4,
        "SEM": 9.250081080725725
    },
    "Step_020": {
        "Mean": 30.4,
        "SEM": 9.250081080725725
    },
    "Step_021": {
        "Mean": 30.4,
        "SEM": 9.250081080725725
    },
    "Step_022": {
        "Mean": 30.1,
        "SEM": 9.214607967786801
    },
    "Step_023": {
        "Mean": 30.0,
        "SEM": 9.242294087508792
    },
    "Step_024": {
        "Mean": 30.0,
        "SEM": 9.302687783646187
    },
    "Step_025": {
        "Mean": 30.2,
        "SEM": 9.364614247260802
    },
    "Step_026": {
        "Mean": 30.1,
        "SEM": 9.394093889247648
    },
    "Step_027": {
        "Mean": 30.1,
        "SEM": 9.394093889247648
    },
    "Step_028": {
        "Mean": 29.9,
        "SEM": 9.332148734348376
    },
    "Step_029": {
        "Mean": 29.8,
        "SEM": 9.361410150185707
    },
    "Step_030": {
        "Mean": 29.7,
        "SEM": 9.393668080148457
    },
    "Step_031": {
        "Mean": 29.7,
        "SEM": 9.393668080148457
    },
    "Step_032": {
        "Mean": 29.4,
        "SEM": 9.297526552798868
    },
    "Step_033": {
        "Mean": 29.4,
        "SEM": 9.298602045468984
    },
    "Step_034": {
        "Mean": 29.7,
        "SEM": 9.392603472946146
    },
    "Step_035": {
        "Mean": 30.0,
        "SEM": 9.486832980505138
    },
    "Step_036": {
        "Mean": 29.8,
        "SEM": 9.424224105994083
    },
    "Step_037": {
        "Mean": 29.7,
        "SEM": 9.392603472946146
    },
    "Step_038": {
        "Mean": 29.5,
        "SEM": 9.330862768254605
    },
    "Step_039": {
        "Mean": 29.6,
        "SEM": 9.361837426488457
    },
    "Step_040": {
        "Mean": 29.3,
        "SEM": 9.268279236190502
    },
    "Step_041": {
        "Mean": 29.6,
        "SEM": 9.36076919916307
    },
    "Step_042": {
        "Mean": 29.3,
        "SEM": 9.26612108705687
    },
    "Step_043": {
        "Mean": 29.5,
        "SEM": 9.328719097496718
    },
    "Step_044": {
        "Mean": 29.4,
        "SEM": 9.297526552798868
    },
    "Step_045": {
        "Mean": 29.5,
        "SEM": 9.32979099444355
    },
    "Step_046": {
        "Mean": 29.4,
        "SEM": 9.297526552798868
    },
    "Step_047": {
        "Mean": 29.6,
        "SEM": 9.361837426488457
    },
    "Step_048": {
        "Mean": 29.5,
        "SEM": 9.328719097496718
    },
    "Step_049": {
        "Mean": 29.8,
        "SEM": 9.424224105994083
    },
    "Total_Distance_Traveled_by_Agent": {
        "Mean": 29.0,
        "SEM": 5.94810894318522
    },
    "Total_Failures": {
        "Mean": 60.4,
        "SEM": 15.632786060072592
    },
    "Total_Latency": {
        "Mean": 1385.2333333333333,
        "SEM": 417.8838463018163
    }
}