{
    "Preventability": [
        0.75,
        0.7272727272727273,
        0.31901840490797545,
        0.6923076923076923,
        0.7068965517241379,
        0.9166666666666666,
        0.3443708609271523,
        0.2894736842105263,
        0.19014084507042253,
        0.21678321678321677
    ],
    "Total_Distance_Traveled_by_Agent": [
        10.0,
        7.0,
        45.0,
        15.999999999999996,
        22.0,
        0.0,
        49.0,
        45.000000000000014,
        47.999999999999986,
        48.0
    ],
    "Total_Failures": [
        5,
        6,
        111,
        12,
        34,
        2,
        99,
        108,
        115,
        112
    ],
    "Total_Latency": [
        19.33333333333333,
        25.33333333333333,
        2764.6666666666665,
        68.33333333333333,
        216.0,
        4.0,
        2556.6666666666665,
        2631.333333333333,
        2757.666666666667,
        2809.0
    ]
}